<?xml version="1.0" encoding="UTF-8"?>
<!DOCTYPE plist PUBLIC "-//Apple Computer//DTD PLIST 1.0//EN" "http://www.apple.com/DTDs/PropertyList-1.0.dtd">
<plist version="1.0">
<dict>
	<key>entry</key>
	<dict>
		<key>duration</key>
		<string>00:00:56.11</string>
		<key>filename</key>
		<string>/home/pandu/PROJECT/geotrio/files/2/11256/audio/2.mp3</string>
		<key>size</key>
		<integer>898193</integer>
		<key>slicecount</key>
		<integer>2</integer>
	</dict>
	<key>slices</key>
	<array>
		<dict>
			<key>file</key>
			<string>slice-0001.mp3</string>
			<key>index</key>
			<integer>1</integer>
			<key>path</key>
			<string>/home/pandu/PROJECT/geotrio/files/2/11256/audio/2/slice-0001.mp3</string>
			<key>size</key>
			<integer>0</integer>
		</dict>
		<dict>
			<key>file</key>
			<string>slice-0002.mp3</string>
			<key>index</key>
			<integer>2</integer>
			<key>path</key>
			<string>/home/pandu/PROJECT/geotrio/files/2/11256/audio/2/slice-0002.mp3</string>
			<key>size</key>
			<integer>0</integer>
		</dict>
	</array>
</dict>
</plist>
